Invoice Number,Created At,Due Date,Selected Payment Method/Gateway,Payment Status,Value,Done Payment Method/Gateway,Customer Name
"CIR_INV_1675689644189","Feb 6, 2023","Feb 24, 2023","All","PAID","280.80 EGP","CARD/PayMob","Haris Manzor"
"CIR_INV_1675687441466","Feb 6, 2023","Feb 18, 2023","All","PENDING","365.11 EGP","CARD/Kashier","Haris Manzor"
"CIR_INV_1675687180706","Feb 6, 2023","Feb 24, 2023","All","PENDING","579.60 EGP","CARD/Kashier","Amna Qa"
"CIR_INV_1675682414262","Feb 6, 2023","Feb 22, 2023","All","PENDING","10.50 EGP","CARD/Kashier","string string"
"CIR_INV_1675680496527","Feb 6, 2023","Feb 6, 2023","All","PENDING","10.50 EGP","N/A","string string"
"CIR_INV_1675680441877","Feb 6, 2023","Feb 6, 2023","All","PENDING","10.50 EGP","N/A","string string"
"CIR_INV_1675680254611","Feb 6, 2023","Feb 6, 2023","All","PENDING","10.50 EGP","N/A","string string"
"CIR_INV_1675679887591","Feb 6, 2023","Feb 6, 2023","All","PENDING","10.50 EGP","N/A","string string"
"CIR_INV_1675675751873","Feb 6, 2023","Nov 28, 2027","CARD/Geidea","PENDING","337.00 EGP","CARD/Geidea","Haris Manzoor"
"CIR_INV_1675675387271","Feb 6, 2023","Nov 28, 2027","CARD/Geidea","PENDING","337.00 EGP","CARD/Geidea","Haris Manzoor"
"CIR_INV_1675675306894","Feb 6, 2023","Nov 28, 2027","CARD/PayMob","PENDING","337.00 EGP","CARD/PayMob","Haris Manzoor"
"CIR_INV_1675674965283","Feb 6, 2023","Nov 28, 2027","CARD/PayMob","PENDING","337.00 EGP","CARD/PayMob","Haris Manzoor"
"CIR_INV_1675674198178","Feb 6, 2023","Nov 28, 2027","CARD/PayMob","PENDING","337.00 EGP","CARD/PayMob","Haris Manzoor"
"CIR_INV_1675673983137","Feb 6, 2023","Nov 28, 2027","CARD/PayMob","PENDING","337.00 EGP","N/A","Haris Manzoor"
"CIR_INV_1675673641826","Feb 6, 2023","Nov 28, 2027","CARD/PayMob","PENDING","450.10 EGP","N/A","Haris Manzoor"
"CIR_INV_1675673555605","Feb 6, 2023","Nov 28, 2027","CARD/PayMob","PENDING","450.10 EGP","N/A","Haris Manzoor"
"CIR_INV_1675673462409","Feb 6, 2023","Nov 28, 2027","CARD/PayMob","PENDING","337.00 EGP","N/A","Haris Manzoor"
"CIR_INV_1675673347173","Feb 6, 2023","Nov 28, 2027","CARD/PayMob","PENDING","337.00 EGP","N/A","Haris Manzoor"
"CIR_INV_1675673090869","Feb 6, 2023","Feb 6, 2023","All","PENDING","10.50 EGP","N/A","string string"
"CIR_INV_1675673069685","Feb 6, 2023","Nov 28, 2027","CARD/Geidea","PENDING","337.00 EGP","N/A","Haris Manzoor"
"CIR_INV_1675672950694","Feb 6, 2023","Nov 28, 2027","CARD/PayMob","PENDING","337.00 EGP","N/A","Haris Manzoor"
"CIR_INV_1675672918261","Feb 6, 2023","Feb 6, 2023","All","PENDING","10.50 EGP","N/A","string string"
"CIR_INV_1675672344213","Feb 6, 2023","Feb 6, 2023","All","PENDING","10.50 EGP","N/A","string string"
"CIR_INV_1675668460045","Feb 6, 2023","Feb 6, 2023","All","PENDING","10.50 EGP","N/A","string string"
"CIR_INV_1675666925262","Feb 6, 2023","Feb 6, 2023","All","PENDING","10.50 EGP","N/A","string string"
"CIR_INV_1675666188942","Feb 6, 2023","Feb 6, 2023","All","PENDING","10.50 EGP","N/A","string string"
"CIR_INV_1675421042542","Feb 3, 2023","Feb 22, 2023","All","PENDING","144.00 EGP","FAWRY/Fawry","Haris Manzor"
"CIR_INV_1675403148896","Feb 3, 2023","Feb 3, 2023","All","PENDING","10.50 EGP","N/A","string string"
"CIR_INV_1675334361823","Feb 2, 2023","Feb 2, 2023","All","PENDING","10.50 EGP","N/A","string string"
"CIR_INV_1675322942066","Feb 2, 2023","Feb 2, 2023","All","PENDING","10.50 EGP","N/A","string string"
"CIR_INV_1675320730323","Feb 2, 2023","Feb 2, 2023","All","PENDING","10.50 EGP","N/A","string string"
"CIR_INV_1675320611171","Feb 2, 2023","Feb 2, 2023","All","PENDING","10.50 EGP","N/A","string string"
"CIR_INV_1675258091898","Feb 1, 2023","Feb 1, 2023","All","PENDING","10.50 EGP","N/A","string string"
"CIR_INV_1675257904434","Feb 1, 2023","Feb 1, 2023","All","PENDING","10.50 EGP","N/A","string string"
"CIR_INV_1675251928497","Feb 1, 2023","Feb 1, 2023","All","PENDING","10.50 EGP","N/A","string string"
"CIR_INV_1675251883000","Feb 1, 2023","Feb 1, 2023","All","PENDING","10.50 EGP","N/A","string string"
"CIR_INV_1675251814142","Feb 1, 2023","Feb 1, 2023","All","PENDING","10.50 EGP","N/A","string string"
"CIR_INV_1675251321145","Feb 1, 2023","Feb 1, 2023","All","PENDING","10.50 EGP","N/A","string string"
"CIR_INV_1675251089828","Feb 1, 2023","Feb 1, 2023","All","PENDING","10.50 EGP","N/A","string string"
"CIR_INV_1675251017995","Feb 1, 2023","Feb 1, 2023","All","PENDING","10.50 EGP","N/A","string string"
"CIR_INV_1675250763773","Feb 1, 2023","Feb 1, 2023","All","PENDING","10.50 EGP","N/A","string string"
"CIR_INV_1675250642606","Feb 1, 2023","Feb 1, 2023","All","PENDING","10.50 EGP","N/A","string string"
"CIR_INV_1675250563499","Feb 1, 2023","Feb 1, 2023","All","PENDING","10.50 EGP","N/A","string string"
"CIR_INV_1675250492651","Feb 1, 2023","Feb 1, 2023","All","PENDING","10.50 EGP","N/A","string string"
"CIR_INV_1675250216766","Feb 1, 2023","Feb 1, 2023","All","PENDING","10.50 EGP","N/A","string string"
"CIR_INV_1675249982555","Feb 1, 2023","Feb 1, 2023","All","PENDING","10.50 EGP","N/A","string string"
"CIR_INV_1675249833797","Feb 1, 2023","Feb 23, 2023","All","PENDING","120.00 EGP","N/A","Haris Manzor"
"CIR_INV_1675242147564","Feb 1, 2023","Feb 1, 2023","All","PENDING","10.50 EGP","N/A","string string"
"CIR_INV_1675242015952","Feb 1, 2023","Feb 1, 2023","All","PENDING","10.50 EGP","N/A","string string"
"CIR_INV_1675241953788","Feb 1, 2023","Feb 1, 2023","All","PENDING","10.50 EGP","N/A","string string"
"CIR_INV_1675241903794","Feb 1, 2023","Feb 1, 2023","All","PENDING","10.50 EGP","N/A","string string"
"CIR_INV_1675240995924","Feb 1, 2023","Feb 1, 2023","All","PENDING","10.50 EGP","N/A","string string"
"CIR_INV_1675240519216","Feb 1, 2023","Feb 1, 2023","All","PENDING","10.50 EGP","N/A","string string"
"CIR_INV_1675239442525","Feb 1, 2023","Feb 1, 2023","All","PENDING","10.50 EGP","N/A","string string"
"CIR_INV_1675239387532","Feb 1, 2023","Feb 1, 2023","All","PENDING","10.50 EGP","N/A","string string"
"CIR_INV_1675239269247","Feb 1, 2023","Feb 1, 2023","All","PENDING","10.50 EGP","N/A","string string"
"CIR_INV_1675238992812","Feb 1, 2023","Feb 1, 2023","All","PENDING","10.50 EGP","N/A","string string"
"CIR_INV_1675238886943","Feb 1, 2023","Feb 1, 2023","All","PENDING","10.50 EGP","N/A","string string"
"CIR_INV_1675236662258","Feb 1, 2023","Feb 1, 2023","All","PENDING","10.50 EGP","N/A","string string"
"CIR_INV_1675172292720","Jan 31, 2023","Jan 31, 2023","All","PENDING","10.50 EGP","N/A","string string"
"CIR_INV_1675170540126","Jan 31, 2023","Jan 31, 2023","All","PENDING","10.50 EGP","N/A","string string"
"CIR_INV_1675170441900","Jan 31, 2023","Jan 31, 2023","All","PENDING","10.50 EGP","N/A","string string"
"CIR_INV_1675170317981","Jan 31, 2023","Jan 31, 2023","All","PENDING","10.50 EGP","N/A","string string"
"CIR_INV_1675170189489","Jan 31, 2023","Jan 31, 2023","All","PENDING","10.50 EGP","N/A","string string"
"CIR_INV_1675169759435","Jan 31, 2023","Jan 31, 2023","All","PENDING","10.50 EGP","N/A","string string"
"CIR_INV_1675169698563","Jan 31, 2023","Jan 31, 2023","All","PENDING","10.50 EGP","N/A","string string"
"CIR_INV_1675169678673","Jan 31, 2023","Jan 31, 2023","All","PENDING","10.50 EGP","N/A","string string"
"CIR_INV_1675169423269","Jan 31, 2023","Jan 31, 2023","All","PENDING","10.50 EGP","N/A","string string"
"CIR_INV_1675169379027","Jan 31, 2023","Jan 31, 2023","All","PENDING","10.50 EGP","N/A","string string"
"CIR_INV_1675165126119","Jan 31, 2023","Jan 31, 2023","All","PENDING","10.50 EGP","N/A","string string"
"CIR_INV_1675164949991","Jan 31, 2023","Jan 31, 2023","All","PENDING","10.50 EGP","N/A","string string"
"CIR_INV_1675164632979","Jan 31, 2023","Jan 31, 2023","All","PENDING","10.50 EGP","N/A","string string"
"CIR_INV_1675164601057","Jan 31, 2023","Jan 31, 2023","All","PENDING","10.50 EGP","N/A","string string"
"CIR_INV_1675164395822","Jan 31, 2023","Jan 31, 2023","All","PENDING","15.05 EGP","N/A","Haris Manzor"
"CIR_INV_1675163153525","Jan 31, 2023","Jan 31, 2023","All","PENDING","10.50 EGP","N/A","string string"
"CIR_INV_1675159640015","Jan 31, 2023","Jan 31, 2023","All","PENDING","10.50 EGP","N/A","string string"
"CIR_INV_1675159512106","Jan 31, 2023","Jan 31, 2023","All","PENDING","10.50 EGP","N/A","string string"
"CIR_INV_1675159405656","Jan 31, 2023","Jan 31, 2023","All","PENDING","10.50 EGP","N/A","string string"
"CIR_INV_1675149795192","Jan 31, 2023","Jan 31, 2023","All","PENDING","224.00 EGP","CARD/Fawry","Haris Manzor"
"CIR_INV_1674652675505","Jan 25, 2023","Jan 28, 2023","All","PENDING","1875.00 EGP","FAWRY/Fawry","Haris Manzor"
"CIR_INV_1674647748006","Jan 25, 2023","Jan 31, 2023","All","PAID","459.00 EGP","CARD/Geidea","Haris Manzor"
"CIR_INV_1674643601202","Jan 25, 2023","Jan 29, 2023","All","PENDING","204.00 EGP","CARD/Geidea","Haris Manzor"
"CIR_INV_1674642775761","Jan 25, 2023","Jan 28, 2023","All","PAID","264.00 EGP","CARD/Geidea","Haris Manzoor"
"CIR_INV_1674639742962","Jan 25, 2023","Jan 31, 2023","All","PAID","189.00 EGP","CARD/Geidea","Haris Manzor"
"CIR_INV_1674639611282","Jan 25, 2023","Jan 28, 2023","All","PAID","784.00 EGP","CARD/Geidea","Haris Manzor"
"CIR_INV_1674639072970","Jan 25, 2023","Jan 27, 2023","All","PAID","112.00 EGP","CARD/Geidea","Haris Manzor"
"CIR_INV_1674638747637","Jan 25, 2023","Jan 28, 2023","All","PAID","462.00 EGP","CARD/Geidea","Haris Manzor"
"CIR_INV_1674638194877","Jan 25, 2023","Jan 27, 2023","All","PAID","1224.00 EGP","CARD/Geidea","Haris Manzor"
"CIR_INV_1674638147674","Jan 25, 2023","Jan 28, 2023","All","PENDING","1134.00 EGP","CARD/Geidea","Haris Manzor"
"CIR_INV_1674637969293","Jan 25, 2023","Jan 28, 2023","All","PENDING","46.00 EGP","CARD/Geidea","Haris Manzor"
"CIR_INV_1674592221784","Jan 25, 2023","Jan 28, 2023","All","PAID","289.00 EGP","CARD/Geidea","Haris Manzor"
"CIR_INV_1674592187716","Jan 25, 2023","Jan 31, 2023","All","PAID","46.00 EGP","CARD/Geidea","Haris Manzor"
"CIR_INV_1674591906179","Jan 25, 2023","Jan 31, 2023","All","PAID","100.00 EGP","CARD/Geidea","Haris Manzor"
"CIR_INV_1674575698295","Jan 24, 2023","Nov 28, 2027","CARD/PayMob","PENDING","450.10 EGP","CARD/PayMob","Haris Manzoor"
"CIR_INV_1674573867054","Jan 24, 2023","Jan 27, 2023","All","PENDING","736.00 EGP","N/A","Haris Manzor"
"CIR_INV_1674568885429","Jan 24, 2023","Jan 28, 2023","All","PENDING","1064.00 EGP","Kiosk/PayMob","Haris Manzor"
"CIR_INV_1674561112958","Jan 24, 2023","Jan 26, 2023","All","PENDING","729.00 EGP","FAWRY/Fawry","Haris Manzor"
"CIR_INV_1674555801587","Jan 24, 2023","Jan 27, 2023","All","PENDING","49.80 EGP","FAWRY/Fawry","Haris Manzor"
"CIR_INV_1674555022794","Jan 24, 2023","Feb 28, 2023","All","PENDING","17.35 EGP","CARD/Fawry","Haris Manzor"
"CIR_INV_1674554093557","Jan 24, 2023","Feb 28, 2023","All","PENDING","76.50 EGP","CARD/Fawry","Haris Manzor"
"CIR_INV_1674543723622","Jan 24, 2023","Jan 27, 2023","All","PENDING","132.10 EGP","FAWRY/Fawry","Amna Qa"
"CIR_INV_1674219192829","Jan 20, 2023","Jan 31, 2023","All","PENDING","1886.00 EGP","N/A","Haris Manzor"
"CIR_INV_1674218896173","Jan 20, 2023","Jan 31, 2023","All","PAID","736.00 EGP","CARD/Geidea","Haris Manzor"
"CIR_INV_1674203063992","Jan 20, 2023","Jan 25, 2023","All","PENDING","120.00 EGP","CARD/Geidea","Haris Manzor"
"CIR_INV_1674202624272","Jan 20, 2023","Jan 25, 2023","All","PENDING","729.00 EGP","FAWRY/Fawry","Haris Manzor"
"CIR_INV_1674200626371","Jan 20, 2023","Jan 25, 2023","All","PENDING","450.00 EGP","FAWRY/Fawry","Haris Manzor"
"CIR_INV_1674200187837","Jan 20, 2023","Jan 25, 2023","All","PENDING","44.00 EGP","FAWRY/Fawry","Haris Manzor"
"CIR_INV_1674199472153","Jan 20, 2023","Jan 24, 2023","All","PENDING","529.00 EGP","CARD/Fawry","Haris Manzor"
"CIR_INV_1674199390335","Jan 20, 2023","Jan 25, 2023","All","PENDING","736.00 EGP","CARD/Fawry","Haris Manzor"
"CIR_INV_1674199122964","Jan 20, 2023","Jan 25, 2023","All","PENDING","784.00 EGP","CARD/Fawry","Haris Manzor"
"CIR_INV_1674142365476","Jan 19, 2023","Jan 24, 2023","All","PAID","56.00 EGP","CARD/Geidea","Haris Manzor"
"CIR_INV_1674141767734","Jan 19, 2023","Jan 25, 2023","All","PAID","170.00 EGP","CARD/PayMob","Haris Manzor"
"CIR_INV_1674140934520","Jan 19, 2023","Jan 27, 2023","All","PENDING","654.40 EGP","CARD/PayMob","Haris Manzor"
"CIR_INV_1674140209152","Jan 19, 2023","Jan 30, 2023","All","PENDING","56.00 EGP","FAWRY/Fawry","Haris Manzor"
"CIR_INV_1674140131150","Jan 19, 2023","Jan 25, 2023","All","PENDING","130.00 EGP","FAWRY/Fawry","Haris Manzor"
"CIR_INV_1674139611812","Jan 19, 2023","Jan 31, 2023","All","PAID","80.46 EGP","CARD/PayMob","Haris Manzor"
"CIR_INV_1674138856287","Jan 19, 2023","Jan 28, 2023","All","PENDING","64.52 EGP","FAWRY/Fawry","Haris Manzor"
"CIR_INV_1674138716707","Jan 19, 2023","Jan 28, 2023","All","PAID","132.00 EGP","CARD/Geidea","Haris Manzor"
"CIR_INV_1674138588605","Jan 19, 2023","Jan 31, 2023","All","PAID","841.00 EGP","CARD/Geidea","Haris Manzor"
"CIR_INV_1674138513859","Jan 19, 2023","Jan 28, 2023","All","PENDING","443.20 EGP","FAWRY/Fawry","Amna Qa"
"CIR_INV_1674136070457","Jan 19, 2023","Jan 27, 2023","All","PENDING","828.68 EGP","Kiosk/PayMob","Haris Manzor"
"CIR_INV_1674135988124","Jan 19, 2023","Jan 27, 2023","All","PENDING","729.00 EGP","FAWRY/Fawry","Haris Manzor"
"CIR_INV_1674133588660","Jan 19, 2023","Jan 25, 2023","All","PENDING","992.00 EGP","FAWRY/Fawry","Amna Qa"
"CIR_INV_1674129889611","Jan 19, 2023","Jan 27, 2023","All","PENDING","3071.00 EGP","CARD/PayMob","Haris Manzor"
"CIR_INV_1674129440986","Jan 19, 2023","Jan 28, 2023","All","PENDING","90.00 EGP","CARD/PayMob","Amna Qa"
"CIR_INV_1674127484912","Jan 19, 2023","Jan 27, 2023","All","PENDING","826.32 EGP","FAWRY/Fawry","Amna Qa"
"CIR_INV_1674127305710","Jan 19, 2023","Jan 27, 2023","All","PAID","476.96 EGP","CARD/PayMob","Amna Qa"
"CIR_INV_1674127096707","Jan 19, 2023","Jan 26, 2023","All","PAID","40.00 EGP","CARD/PayMob","Amna Qa"
"CIR_INV_1674124594226","Jan 19, 2023","Jan 21, 2023","All","PAID","44.00 EGP","CARD/PayMob","Amna Qa"
"CIR_INV_1674123615195","Jan 19, 2023","Jan 25, 2023","All","PAID","812.00 EGP","CARD/Geidea","Amna Qa"
"CIR_INV_1674123565902","Jan 19, 2023","Jan 21, 2023","All","PENDING","729.00 EGP","N/A","Haris Manzor"
"CIR_INV_1674123194702","Jan 19, 2023","Jan 21, 2023","All","PENDING","468.00 EGP","CARD/PayMob","Haris Manzor"
"CIR_INV_1674117972483","Jan 19, 2023","Jan 21, 2023","All","PENDING","18.00 EGP","CARD/PayMob","Haris Manzor"
"CIR_INV_1673974085936","Jan 17, 2023","Jan 20, 2023","All","PENDING","144.00 EGP","N/A","Haris Manzor"
"CIR_INV_1673973820098","Jan 17, 2023","Jan 21, 2023","All","PENDING","102.80 EGP","FAWRY/Fawry","Haris Manzor"
"CIR_INV_1673966598390","Jan 17, 2023","Nov 28, 2027","CARD/PayMob","PAID","337.00 EGP","CARD/PayMob","Haris Manzoor"
"CIR_INV_1673966172112","Jan 17, 2023","Nov 28, 2027","CARD/PayMob","PAID","337.00 EGP","CARD/PayMob","Haris Manzoor"
"CIR_INV_1673965427646","Jan 17, 2023","Nov 28, 2027","CARD/PayMob","PAID","337.00 EGP","CARD/PayMob","Haris Manzoor"
"CIR_INV_1673965191712","Jan 17, 2023","Nov 28, 2027","Reference Code/OPay","PENDING","337.00 EGP","Reference Code/OPay","Haris Manzoor"
"CIR_INV_1673964744165","Jan 17, 2023","Nov 28, 2027","CARD/PayMob","PAID","337.00 EGP","CARD/PayMob","Haris Manzoor"
"CIR_INV_1673964650359","Jan 17, 2023","Nov 28, 2027","N/A","PENDING","337.00 EGP","N/A","Haris Manzoor"
"CIR_INV_1673964529172","Jan 17, 2023","Nov 28, 2027","N/A","PENDING","337.00 EGP","N/A","Haris Manzoor"
"CIR_INV_1673964372359","Jan 17, 2023","Nov 28, 2027","N/A","PENDING","337.00 EGP","N/A","Haris Manzoor"
"CIR_INV_1673963958445","Jan 17, 2023","Nov 28, 2027","CARD/PayMob","PENDING","337.00 EGP","CARD/PayMob","Haris Manzoor"
"CIR_INV_1673963019403","Jan 17, 2023","Nov 28, 2027","CARD/PayMob","PENDING","337.00 EGP","N/A","Haris Manzoor"
"CIR_INV_1673962173696","Jan 17, 2023","Jan 20, 2023","All","PENDING","845.64 EGP","N/A","Haris Manzor"
"CIR_INV_1673961788477","Jan 17, 2023","Nov 28, 2027","CARD/PayMob","PENDING","450.10 EGP","N/A","Haris Manzoor"
"CIR_INV_1673954731619","Jan 17, 2023","Jan 20, 2023","All","PENDING","1919.00 EGP","FAWRY/Fawry","Haris Manzor"
"CIR_INV_1673953836976","Jan 17, 2023","Jan 27, 2023","All","PENDING","2576.00 EGP","MWALLET/Fawry","Amna Qa"
"CIR_INV_1673951782264","Jan 17, 2023","Jan 20, 2023","All","PENDING","2520.00 EGP","FAWRY/Fawry","Amna Qa"
"CIR_INV_1673950474841","Jan 17, 2023","Jan 20, 2023","All","PENDING","100.00 EGP","FAWRY/Fawry","Amna Qa"
"CIR_INV_1673950296267","Jan 17, 2023","Jan 21, 2023","All","PENDING","841.00 EGP","FAWRY/Fawry","Amna Qa"
"CIR_INV_1673950044865","Jan 17, 2023","Jan 20, 2023","All","PENDING","144.00 EGP","FAWRY/Fawry","Amna Qa"
"CIR_INV_1673949988441","Jan 17, 2023","Jan 18, 2023","All","PENDING","111.00 EGP","Reference Code/OPay","Amna Qa"
"CIR_INV_1673949751315","Jan 17, 2023","Jan 20, 2023","All","PENDING","56.00 EGP","FAWRY/Fawry","Amna Qa"
"CIR_INV_1673949500884","Jan 17, 2023","Jan 18, 2023","All","PENDING","6.05 EGP","CARD/Geidea","Amna Qa"
"CIR_INV_1673949303695","Jan 17, 2023","Jan 18, 2023","All","PENDING","12.20 EGP","CARD/Fawry","Amna Qa"
"CIR_INV_1673948901867","Jan 17, 2023","Jan 18, 2023","All","PAID","11.10 EGP","CARD/MyFatoorah","Amna Qa"
"CIR_INV_1673948708118","Jan 17, 2023","Jan 21, 2023","All","PENDING","17480.00 EGP","FAWRY/Fawry","Amna Qa"
"CIR_INV_1673948398917","Jan 17, 2023","Jan 27, 2023","All","PENDING","1000.00 EGP","FAWRY/Fawry","Amna Qa"
"CIR_INV_1673948234036","Jan 17, 2023","Jan 19, 2023","All","PENDING","100.00 EGP","N/A","Amna Qa"
"CIR_INV_1673947979461","Jan 17, 2023","Jan 31, 2023","All","PENDING","118.00 EGP","FAWRY/Fawry","Amna Qa"
"CIR_INV_1673947313635","Jan 17, 2023","Jan 18, 2023","All","PENDING","2450.00 EGP","Reference Code/OPay","Amna Qa"
"CIR_INV_1673941510578","Jan 17, 2023","Jan 18, 2023","All","PENDING","102.00 EGP","FAWRY/Fawry","Amna Qa"
"CIR_INV_1673941157638","Jan 17, 2023","Jan 18, 2023","All","PENDING","102.00 EGP","FAWRY/Fawry","Amna Qa"
"CIR_INV_1673941064344","Jan 17, 2023","Jan 18, 2023","All","PENDING","104.00 EGP","MWALLET/Fawry","Amna Qa"
"CIR_INV_1673940910228","Jan 17, 2023","Jan 18, 2023","All","PENDING","206.00 EGP","FAWRY/Fawry","amna test "
"CIR_INV_1673940800060","Jan 17, 2023","Jan 18, 2023","All","PENDING","203.00 EGP","FAWRY/Fawry","Amna Qa"
"CIR_INV_1673940641461","Jan 17, 2023","Jan 18, 2023","All","PENDING","40.76 EGP","MWALLET/Fawry","amna test "
"CIR_INV_1673940598390","Jan 17, 2023","Jan 18, 2023","All","PENDING","370.22 EGP","FAWRY/Fawry","Amna Qa"
"CIR_INV_1673940545283","Jan 17, 2023","Jan 18, 2023","All","PENDING","12.20 EGP","FAWRY/Fawry","Amna Qa"
"CIR_INV_1673940106949","Jan 17, 2023","Jan 18, 2023","All","PENDING","12.00 EGP","FAWRY/Fawry","Amna Qa"
"CIR_INV_1673938678689","Jan 17, 2023","Jan 18, 2023","All","PENDING","206.00 EGP","FAWRY/Fawry","Amna Qa"
"CIR_INV_1673938624350","Jan 17, 2023","Jan 18, 2023","All","PENDING","11.10 EGP","MWALLET/Fawry","Amna Qa"
"CIR_INV_1673938567923","Jan 17, 2023","Jan 18, 2023","All","PENDING","11.10 EGP","FAWRY/Fawry","Amna Qa"
"CIR_INV_1673938528021","Jan 17, 2023","Jan 18, 2023","All","PENDING","111.00 EGP","CARD/Fawry","Amna Qa"
"CIR_INV_1673938456801","Jan 17, 2023","Jan 18, 2023","All","PENDING","112.10 EGP","MWALLET/Fawry","Amna Qa"
"CIR_INV_1673938410578","Jan 17, 2023","Jan 18, 2023","All","PENDING","20.19 EGP","FAWRY/Fawry","Amna Qa"
"CIR_INV_1673938358402","Jan 17, 2023","Jan 18, 2023","All","PENDING","112.10 EGP","CARD/Fawry","Amna Qa"
"CIR_INV_1673938295684","Jan 17, 2023","Jan 18, 2023","All","PENDING","22.40 EGP","MWALLET/Fawry","Amna Qa"
"CIR_INV_1673938234713","Jan 17, 2023","Jan 18, 2023","All","PENDING","11.10 EGP","FAWRY/Fawry","Amna Qa"
"CIR_INV_1673938099232","Jan 17, 2023","Jan 18, 2023","All","PENDING","21.20 EGP","CARD/Fawry","Amna Qa"
"CIR_INV_1673937916596","Jan 17, 2023","Jan 18, 2023","All","PENDING","11.10 EGP","CARD/Fawry","Amna Qa"
"CIR_INV_1673937832467","Jan 17, 2023","Jan 18, 2023","All","PENDING","11.10 EGP","MWALLET/Fawry","Amna Qa"
"CIR_INV_1673937768654","Jan 17, 2023","Jan 18, 2023","All","PENDING","22.40 EGP","FAWRY/Fawry","Amna Qa"
"CIR_INV_1673937724955","Jan 17, 2023","Jan 18, 2023","All","PENDING","6.05 EGP","CARD/Fawry","Amna Qa"
"CIR_INV_1673937629291","Jan 17, 2023","Jan 18, 2023","All","PENDING","17.15 EGP","MWALLET/Fawry","Amna Qa"
"CIR_INV_1673937551511","Jan 17, 2023","Jan 18, 2023","All","PENDING","16.15 EGP","CARD/Fawry","Amna Qa"
"CIR_INV_1673877721464","Jan 16, 2023","Jan 28, 2023","All","PENDING","244.00 EGP","CARD/PayMob","Haris Manzor"
"CIR_INV_1673870351743","Jan 16, 2023","Nov 28, 2027","FAWRY/Fawry","PENDING","450.10 EGP","FAWRY/Fawry","Haris Manzoor"
"CIR_INV_1673868061481","Jan 16, 2023","Nov 28, 2027","CARD/PayMob","PAID","450.10 EGP","CARD/PayMob","Haris Manzoor"
"CIR_INV_1673867976897","Jan 16, 2023","Nov 28, 2027","CARD/PayMob","PENDING","450.10 EGP","N/A","Haris Manzoor"
"CIR_INV_1673867520490","Jan 16, 2023","Nov 28, 2027","CARD/PayMob","PENDING","450.10 EGP","N/A","Haris Manzoor"
"CIR_INV_1673864133638","Jan 16, 2023","Nov 28, 2027","CARD/PayMob","PAID","450.10 EGP","CARD/PayMob","Haris Manzoor"
"CIR_INV_1673862783124","Jan 16, 2023","Nov 28, 2027","CARD/PayMob","PAID","323.35 EGP","CARD/PayMob","Haris Manzoor"
"CIR_INV_1673862485359","Jan 16, 2023","Nov 28, 2027","CARD/PayMob","PENDING","323.35 EGP","CARD/PayMob","Haris Manzoor"
"CIR_INV_1673861884488","Jan 16, 2023","Nov 28, 2027","CARD/PayMob","PENDING","323.35 EGP","Reference Code/OPay","Haris Manzoor"
"CIR_INV_1673861640823","Jan 16, 2023","Nov 28, 2027","CARD/PayMob","PENDING","323.35 EGP","CARD/PayMob","Haris Manzoor"
"CIR_INV_1673619004440","Jan 13, 2023","Nov 28, 2027","CARD/PayMob","PAID","323.35 EGP","CARD/PayMob","Haris Manzoor"
"CIR_INV_1673618957264","Jan 13, 2023","Nov 28, 2027","Reference Code/OPay","PENDING","323.35 EGP","N/A","Haris Manzoor"
"CIR_INV_1673615982236","Jan 13, 2023","Nov 28, 2027","Reference Code/OPay","PENDING","323.35 EGP","Reference Code/OPay","Haris Manzoor"
"CIR_INV_1673615915633","Jan 13, 2023","Nov 28, 2027","Reference Code/OPay","PENDING","323.35 EGP","N/A","Haris Manzoor"
"CIR_INV_1673615813945","Jan 13, 2023","Nov 28, 2027","Reference Code/OPay","PENDING","323.35 EGP","N/A","Haris Manzoor"
"CIR_INV_1673607952840","Jan 13, 2023","Nov 28, 2027","FAWRY/Fawry","PENDING","323.35 EGP","N/A","Haris Manzoor"
"CIR_INV_1673601083326","Jan 13, 2023","Nov 28, 2027","FAWRY/Fawry","PAID","323.35 EGP","MWALLET/Fawry","Haris Manzoor"
"CIR_INV_1673597392082","Jan 13, 2023","Nov 28, 2027","CARD/PayMob","PENDING","323.35 EGP","CARD/PayMob","Haris Manzoor"
"CIR_INV_1673596142803","Jan 13, 2023","Nov 28, 2027","CARD/PayMob","PENDING","323.35 EGP","CARD/PayMob","Haris Manzoor"
"CIR_INV_1673595136997","Jan 13, 2023","Nov 28, 2027","CARD/PayMob","PENDING","323.35 EGP","N/A","Haris Manzoor"
"CIR_INV_1673536542428","Jan 12, 2023","Nov 28, 2027","CARD/PayMob","PENDING","323.35 EGP","CARD/PayMob","Haris Manzoor"
"CIR_INV_1673533746708","Jan 12, 2023","Nov 28, 2027","CARD/Geidea","PENDING","323.35 EGP","CARD/Geidea","Haris Manzoor"
"CIR_INV_1673533633969","Jan 12, 2023","Nov 28, 2027","CARD/PayMob","PENDING","323.35 EGP","CARD/PayMob","Haris Manzoor"
"CIR_INV_1673531450053","Jan 12, 2023","Nov 28, 2027","CARD/Geidea","PENDING","323.35 EGP","CARD/Geidea","Haris Manzoor"
"CIR_INV_1673531257733","Jan 12, 2023","Nov 28, 2027","CARD/PayMob","PENDING","323.35 EGP","CARD/PayMob","Haris Manzoor"
"CIR_INV_1673530938350","Jan 12, 2023","Nov 28, 2027","CARD/Geidea","PENDING","323.35 EGP","CARD/Geidea","Haris Manzoor"
"CIR_INV_1673529542667","Jan 12, 2023","Nov 28, 2027","CARD/Geidea","PENDING","323.35 EGP","CARD/Geidea","Haris Manzoor"
"CIR_INV_1673523318939","Jan 12, 2023","Nov 28, 2027","CARD/PayMob","PENDING","323.35 EGP","CARD/PayMob","Haris Manzoor"
"CIR_INV_1673522870652","Jan 12, 2023","Nov 28, 2027","CARD/PayMob","PENDING","323.35 EGP","N/A","Haris Manzoor"
"CIR_INV_1673522097259","Jan 12, 2023","Nov 28, 2027","CARD/OPay","PENDING","323.35 EGP","N/A","Haris Manzoor"
"CIR_INV_1673521813059","Jan 12, 2023","Nov 28, 2027","CARD/OPay","PENDING","323.35 EGP","N/A","Haris Manzoor"
"CIR_INV_1673521539229","Jan 12, 2023","Nov 28, 2027","CARD/PayTabs","PENDING","323.35 EGP","N/A","Haris Manzoor"
"CIR_INV_1673446024279","Jan 11, 2023","Jan 27, 2023","All","PENDING","276.00 EGP","FAWRY/Fawry","Haris Manzor"
"CIR_INV_1673258698335","Jan 9, 2023","Jan 27, 2023","All","PENDING","784.00 EGP","CARD/Kashier","Haris Manzor"
"CIR_INV_1673001217129","Jan 6, 2023","Jan 20, 2023","All","PENDING","342.00 EGP","Kiosk/PayMob","Haris Manzor"
"CIR_INV_1672999088311","Jan 6, 2023","Jan 27, 2023","All","PENDING","1056.80 EGP","N/A","Haris Manzor"
"CIR_INV_1672998073901","Jan 6, 2023","Jan 27, 2023","All","PENDING","784.00 EGP","N/A","Haris Manzor"
"CIR_INV_1672996808031","Jan 6, 2023","Jan 13, 2023","All","PENDING","504.00 EGP","FAWRY/Fawry","Haris Manzor"
"CIR_INV_1672986223090","Jan 6, 2023","Jan 25, 2023","All","PENDING","144.00 EGP","FAWRY/Fawry","Haris Manzor"
"CIR_INV_1672927854064","Jan 5, 2023","Jan 26, 2023","All","PENDING","1224.00 EGP","FAWRY/Fawry","Haris Manzor"
"CIR_INV_1672927812551","Jan 5, 2023","Jan 27, 2023","All","PENDING","28.00 EGP","FAWRY/Fawry","Haris Manzor"
"CIR_INV_1672927222259","Jan 5, 2023","Jan 7, 2023","All","PENDING","144.00 EGP","FAWRY/Fawry","Haris Manzor"
"CIR_INV_1672926792307","Jan 5, 2023","Jan 19, 2023","All","PENDING","756.00 EGP","FAWRY/Fawry","Haris Manzor"
"CIR_INV_1672926559857","Jan 5, 2023","Jan 18, 2023","All","PENDING","476.00 EGP","N/A","Haris Manzor"
"CIR_INV_1672926413218","Jan 5, 2023","Jan 7, 2023","All","PENDING","144.00 EGP","N/A","Haris Manzor"
"CIR_INV_1672926049232","Jan 5, 2023","Jan 19, 2023","All","PENDING","448.00 EGP","FAWRY/Fawry","Haris Manzor"
"CIR_INV_1672925612540","Jan 5, 2023","Jan 20, 2023","All","PENDING","434.51 EGP","N/A","Haris Manzor"
"CIR_INV_1672925533178","Jan 5, 2023","Jan 20, 2023","All","PENDING","588.00 EGP","FAWRY/Fawry","Haris Manzor"
"CIR_INV_1672925468159","Jan 5, 2023","Jan 28, 2023","All","PENDING","999.00 EGP","FAWRY/Fawry","Haris Manzor"
"CIR_INV_1672924756469","Jan 5, 2023","Jan 18, 2023","All","PENDING","644.00 EGP","FAWRY/Fawry","Haris Manzor"
"CIR_INV_1672923907397","Jan 5, 2023","Jan 11, 2023","All","PENDING","1982.44 EGP","N/A",""
"CIR_INV_1672919574848","Jan 5, 2023","Jan 18, 2023","All","PENDING","425.08 EGP","FAWRY/Fawry","Haris Manzor"
"CIR_INV_1672919126368","Jan 5, 2023","Jan 26, 2023","All","PENDING","442.40 EGP","FAWRY/Fawry","Haris Manzor"
"CIR_INV_1672901957116","Jan 5, 2023","Jan 31, 2023","All","PAID","550.00 EGP","CARD/PayMob","Amna Qa"
"CIR_INV_1672843917670","Jan 4, 2023","Jan 18, 2023","All","PENDING","96.00 EGP","FAWRY/Fawry","Haris Manzor"
"CIR_INV_1672843300608","Jan 4, 2023","Jan 6, 2023","All","PENDING","276.00 EGP","FAWRY/Fawry","Haris Harry"
"CIR_INV_1672842306004","Jan 4, 2023","Jan 19, 2023","All","PAID","1397.49 EGP","CARD/PayMob","Haris Manzor"
"CIR_INV_1672839040556","Jan 4, 2023","Jan 26, 2023","All","PAID","426.00 EGP","CARD/PayMob","Haris Manzor"
"CIR_INV_1672834778406","Jan 4, 2023","Jan 20, 2023","All","PAID","736.00 EGP","CARD/PayMob","Haris Manzor"
"CIR_INV_1672827935694","Jan 4, 2023","Jan 19, 2023","All","PAID","1482.00 EGP","CARD/PayMob","Haris Manzor"
"CIR_INV_1672814752688","Jan 4, 2023","Jan 31, 2023","All","PAID","35.42 EGP","CARD/PayMob","test test"
"CIR_INV_1672814674983","Jan 4, 2023","Jan 30, 2023","All","PAID","584.02 EGP","CARD/PayMob","test test"
"CIR_INV_1672813028752","Jan 4, 2023","Jan 31, 2023","All","PENDING","11.10 EGP","CARD/Geidea","test test"
"CIR_INV_1672812996402","Jan 4, 2023","Jan 30, 2023","All","PAID","17.15 EGP","CARD/PayMob","test test"
"CIR_INV_1672749881862","Jan 3, 2023","Jan 31, 2023","All","PENDING","344.08 EGP","N/A","Dashboard Customer"
"CIR_INV_1672749699820","Jan 3, 2023","Jan 31, 2023","All","PAID","691.00 EGP","CARD/PayMob","Dashboard Customer"
"CIR_INV_1672746208160","Jan 3, 2023","Jan 31, 2023","All","PENDING","575.00 EGP","FAWRY/Fawry","Dashboard Customer"
"CIR_INV_1672744563365","Jan 3, 2023","Jan 14, 2023","All","PENDING","123.00 EGP","N/A","Haris manzor"
"CIR_INV_1672742426478","Jan 3, 2023","Jan 31, 2023","All","PENDING","428.00 EGP","N/A","Dashboard Customer"
"CIR_INV_1672741886734","Jan 3, 2023","Jan 31, 2023","All","PENDING","80.00 EGP","N/A","Dashboard Customer"
"CIR_INV_1672740330053","Jan 3, 2023","Jan 18, 2023","All","PENDING","14959.28 EGP","FAWRY/Fawry","Dashboard Customer"
"CIR_INV_1672739948853","Jan 3, 2023","Jan 12, 2023","All","PENDING","2296.00 EGP","MWALLET/Fawry","Dashboard Customer"
"CIR_INV_1672739767196","Jan 3, 2023","Jan 13, 2023","All","PENDING","186.00 EGP","MWALLET/Fawry","Dashboard Customer"
"CIR_INV_1672739654348","Jan 3, 2023","Jan 21, 2023","All","PENDING","252.00 EGP","Kiosk/PayMob","Dashboard Customer"
"CIR_INV_1672739486411","Jan 3, 2023","Jan 26, 2023","All","PENDING","144.00 EGP","Kiosk/PayMob","Dashboard Customer"
"CIR_INV_1672739178392","Jan 3, 2023","Jan 27, 2023","All","PENDING","24.00 EGP","Kiosk/PayMob","Dashboard Customer"
"CIR_INV_1672737218847","Jan 3, 2023","Jan 19, 2023","All","PENDING","64.00 USD","FAWRY/Fawry","Dashboard Customer"
"CIR_INV_1672736268514","Jan 3, 2023","Jan 31, 2023","All","PENDING","36.64 USD","CARD/PayMob","Dashboard Customer"
"CIR_INV_1672728333252","Jan 3, 2023","Jan 31, 2023","All","PENDING","393.80 USD","CARD/PayMob","Dashboard Customer"
"CIR_INV_1672673926718","Jan 2, 2023","Nov 28, 2027","CARD/PayTabs","PENDING","323.35 USD","N/A","Haris Manzoor"
"CIR_INV_1672673698878","Jan 2, 2023","Nov 28, 2027","N/A","PENDING","323.35 USD","N/A","Haris Manzoor"
"CIR_INV_1672673656698","Jan 2, 2023","Nov 28, 2027","N/A","PENDING","323.35 USD","N/A","Haris Manzoor"
"CIR_INV_1672666923559","Jan 2, 2023","Jan 31, 2023","All","PENDING","515.68 USD","N/A","Amna Qa"
"CIR_INV_1672662228275","Jan 2, 2023","Jan 31, 2023","All","PENDING","256.00 USD","FAWRY/Fawry","Amna Qa"
"CIR_INV_1672659446212","Jan 2, 2023","Jan 31, 2023","All","PENDING","400.08 USD","FAWRY/Fawry","Amna Qa"
"CIR_INV_1672657176838","Jan 2, 2023","Jan 18, 2023","All","PENDING","841.00 USD","FAWRY/Fawry","Amna Qa"
"CIR_INV_1672654405539","Jan 2, 2023","Jan 28, 2023","All","PENDING","276.00 USD","FAWRY/Fawry","Amna Qa"
"CIR_INV_1672653182538","Jan 2, 2023","Jan 26, 2023","All","PENDING","144.00 USD","FAWRY/Fawry","Amna Qa"
"CIR_INV_1672648164939","Jan 2, 2023","Jan 3, 2023","All","PENDING","538.80 USD","COD/COD","Amna Qa"
"CIR_INV_1672646644873","Jan 2, 2023","Jan 20, 2023","All","PENDING","110.00 USD","N/A","Amna Qa"
"CIR_INV_1672640780232","Jan 2, 2023","Jan 31, 2023","All","PENDING","264.00 USD","N/A","Amna Qa"
"CIR_INV_1672640654889","Jan 2, 2023","Jan 3, 2023","All","PENDING","300.40 USD","N/A","Amna Qa"
"CIR_INV_1672640104019","Jan 2, 2023","Jan 3, 2023","All","PENDING","232.00 USD","N/A","Amna Qa"
"CIR_INV_1672402263368","Dec 30, 2022","Jan 3, 2023","All","PENDING","40.00 USD","CARD/MyFatoorah","Amna Qa"
"CIR_INV_1672401630854","Dec 30, 2022","Jan 31, 2023","All","PENDING","144.00 USD","N/A","Amna Qa"
"CIR_INV_1672388500924","Dec 30, 2022","Dec 31, 2022","All","INITIALIZED","364.80 USD","N/A","ben ross"
"CIR_INV_1672057337647","Dec 26, 2022","Dec 31, 2022","string","INITIALIZED","10.00 EGP","N/A","sameh elsayed"
"CIR_INV_1672056825667","Dec 26, 2022","Dec 31, 2022","string","INITIALIZED","10.00 EGP","N/A","sameh elsayed"
"CIR_INV_1672056688582","Dec 26, 2022","Dec 27, 2022","All","INITIALIZED","44.00 USD","N/A","Grey Loops"
"CIR_INV_1672056455423","Dec 26, 2022","Dec 31, 2022","string","INITIALIZED","10.00 EGP","N/A","sameh elsayed"
"CIR_INV_1670939054505","Dec 13, 2022","Dec 31, 2022","All","INITIALIZED","4804.00 USD","N/A","Grey Loops"
"CIR_INV_1670938979671","Dec 13, 2022","Dec 13, 2022","All","PENDING","28908.80 USD","N/A","Grey Loops"
"CIR_INV_1670938883967","Dec 13, 2022","Dec 14, 2022","All","INITIALIZED","14514.40 USD","N/A","ben ross"
"CIR_INV_1670934880682","Dec 13, 2022","Dec 31, 2022","All","INITIALIZED","1320.00 USD","N/A","Grey Loops"
"CIR_INV_1670933841347","Dec 13, 2022","Jan 1, 2023","All","PENDING","10600.00 USD","Wallet/MyFatoorah","ben ross"
"CIR_INV_1670916706302","Dec 13, 2022","Dec 31, 2022","All","INITIALIZED","706.00 USD","N/A","sama dddd"
"CIR_INV_1670915150840","Dec 13, 2022","Dec 13, 2022","All","INITIALIZED","1356.00 USD","N/A","Grey Loops"
"CIR_INV_1670913912696","Dec 13, 2022","Dec 14, 2022","All","INITIALIZED","6003.36 USD","N/A","Grey Loops"
"CIR_INV_1670591255786","Dec 9, 2022","Jan 1, 2023","CARD/PayMob","PENDING","5490.00 EGP","N/A","string string"
"CIR_INV_1670505628030","Dec 8, 2022","Dec 30, 2022","All","INITIALIZED","135300.00 USD","N/A","Grey Loops"
"CIR_INV_1670502967184","Dec 8, 2022","Dec 14, 2022","All","PENDING","9198.00 USD","Qatar Debit Cards/MyFatoorah","Grey Loops"
"CIR_INV_1670237911452","Dec 5, 2022","Dec 31, 2022","All","PENDING","9112.00 USD","Wallet/MyFatoorah","Haris Manzor"
"CIR_INV_1670232848526","Dec 5, 2022","Dec 31, 2022","All","INITIALIZED","841.00 USD","N/A","Rabab diab"
"CIR_INV_1670232801818","Dec 5, 2022","Dec 31, 2022","All","INITIALIZED","560.00 USD","N/A","sama dddd"
"CIR_INV_1670232801906","Dec 5, 2022","Dec 31, 2022","All","INITIALIZED","560.00 USD","N/A","sama dddd"
"CIR_INV_1670232763223","Dec 5, 2022","Dec 31, 2022","All","INITIALIZED","40600.00 USD","N/A","awais test"
"CIR_INV_1670232693890","Dec 5, 2022","Dec 31, 2022","All","INITIALIZED","400.00 USD","N/A","Haris manzor"
"CIR_INV_1670219917243","Dec 5, 2022","Dec 31, 2022","All","INITIALIZED","8468.00 USD","N/A","Amna Qa"
"CIR_INV_1670219916005","Dec 5, 2022","Dec 31, 2022","All","INITIALIZED","8468.00 USD","N/A","Amna Qa"
"CIR_INV_1670219813240","Dec 5, 2022","Dec 31, 2022","All","INITIALIZED","224.00 USD","N/A","Rabab diab"
"CIR_INV_1670219691170","Dec 5, 2022","Dec 31, 2022","All","PENDING","1132.10 USD","Wallet/OPay","Haris manzor"
"CIR_INV_1669968001246","Dec 2, 2022","Dec 12, 2022","All","INITIALIZED","31.58 EGP","N/A","Rabab Diab"
"CIR_INV_1669884316952","Dec 1, 2022","Dec 25, 2022","All","PENDING","110.00 USD","CARD/PayMob","Haris manzor"
"CIR_INV_1669719573691","Nov 29, 2022","Nov 30, 2022","All","PENDING","395112.00 USD","Wallet/Kashier","Haris manzor"
"CIR_INV_1669615660795","Nov 28, 2022","Nov 30, 2022","All","PENDING","398.00 USD","CARD/PayMob","Haris manzor"
"CIR_INV_1669614944980","Nov 28, 2022","Nov 30, 2022","All","PENDING","132.00 USD","CARD/Geidea","awais test"
"CIR_INV_1669391070768","Nov 25, 2022","Nov 30, 2022","All","PENDING","100.00 USD","CARD/PayTabs","Haris Manzor"
"CIR_INV_1669386398984","Nov 25, 2022","Nov 30, 2022","All","PENDING","1488.00 USD","CARD/MyFatoorah","Rabab777 test7777"
"CIR_INV_1669386013226","Nov 25, 2022","Nov 30, 2022","All","INITIALIZED","1548.00 USD","N/A","harryonfire fireonharry"
"CIR_INV_1669386013249","Nov 25, 2022","Nov 30, 2022","All","PENDING","1548.00 USD","CARD/OPay","harryonfire fireonharry"
"CIR_INV_1669385170044","Nov 25, 2022","Nov 30, 2022","All","PENDING","123.00 USD","CARD/OPay","Test June test"
"CIR_INV_1669384657837","Nov 25, 2022","Nov 30, 2022","All","PENDING","78.00 USD","CARD/PayTabs","aq qa"
"CIR_INV_1669383973817","Nov 25, 2022","Nov 30, 2022","All","PENDING","1342.00 USD","CARD/Kashier","Haris manzor"
"CIR_INV_1669383772185","Nov 25, 2022","Nov 30, 2022","All","PENDING","422.00 USD","CARD/Geidea","test test"
"CIR_INV_1669383404033","Nov 25, 2022","Nov 30, 2022","All","PENDING","5252.00 USD","CARD/Geidea","Haris manzor"
"CIR_INV_1669382372814","Nov 25, 2022","Nov 30, 2022","All","PENDING","144.00 USD","CARD/Geidea","Haris manzor"
"CIR_INV_1669382072436","Nov 25, 2022","Nov 30, 2022","All","PENDING","40400.00 USD","CARD/PayTabs","Haris manzor"
"CIR_INV_1669379946983","Nov 25, 2022","Nov 30, 2022","All","PENDING","2997.00 USD","CARD/PayMob","Haris manzor"
"CIR_INV_1669379732171","Nov 25, 2022","Nov 30, 2022","All","PENDING","1120.00 USD","CARD/PayTabs","Haris manzor"
"CIR_INV_1669376508203","Nov 25, 2022","Nov 30, 2022","All","INITIALIZED","1000.00 USD","N/A","Haris manzor"
"CIR_INV_1669376008322","Nov 25, 2022","Nov 30, 2022","All","PENDING","100.00 USD","CARD/PayMob","Haris Manzoor"
"CIR_INV_1669372822588","Nov 25, 2022","Nov 30, 2022","All","PENDING","22400.00 USD","CARD/Geidea","Haris manzor"
"CIR_INV_1669370889109","Nov 25, 2022","Nov 30, 2022","All","PENDING","1200.00 USD","Wallet/OPay","Haris manzor"
"CIR_INV_1669370254305","Nov 25, 2022","Nov 30, 2022","All","PENDING","1452.00 USD","CARD/PayMob","Haris manzor"
"CIR_INV_1669364655228","Nov 25, 2022","Nov 30, 2022","All","PENDING","1210.00 USD","CARD/Kashier","Haris manzor"
"CIR_INV_1669363241069","Nov 25, 2022","Nov 30, 2022","All","PENDING","1870.00 USD","Wallet/OPay","Haris manzor"
"CIR_INV_1669362322379","Nov 25, 2022","Nov 30, 2022","All","PENDING","12342.00 USD","CARD/Geidea","Haris manzor"
"CIR_INV_1669362121063","Nov 25, 2022","Nov 30, 2022","All","PAID","113.00 USD","CARD/Geidea","Haris manzor"
"CIR_INV_1669361983982","Nov 25, 2022","Nov 30, 2022","All","PENDING","264.00 USD","CARD/Geidea","Haris manzor"
"CIR_INV_1669361798072","Nov 25, 2022","Nov 29, 2022","All","PAID","143.00 USD","CARD/Geidea","Haris manzor"
"CIR_INV_1669361598395","Nov 25, 2022","Nov 30, 2022","All","PENDING","231.00 USD","CARD/Geidea","Haris manzor"
"CIR_INV_1669359818558","Nov 25, 2022","Nov 30, 2022","All","PENDING","400.00 USD","CARD/Geidea","Haris manzor"
"CIR_INV_1669358256350","Nov 25, 2022","Nov 30, 2022","All","PENDING","100.00 USD","CARD/Geidea","Haris manzor"
"CIR_INV_1669123526192","Nov 22, 2022","Nov 30, 2022","All","INITIALIZED","121.00 USD","N/A","Haris manzor"
"CIR_INV_1669123367122","Nov 22, 2022","Nov 28, 2022","All","INITIALIZED","60.00 USD","N/A","Haris Manzoor"
"CIR_INV_1669111139984","Nov 22, 2022","Nov 30, 2022","All","PAID","110.00 USD","CARD/Geidea","Haris manzor"
"CIR_INV_1669110643111","Nov 22, 2022","Nov 30, 2022","All","PAID","440.00 USD","CARD/Geidea","Haris manzor"
"CIR_INV_1669013719701","Nov 21, 2022","Nov 30, 2022","CARD/OPay","INITIALIZED","100.00 USD","N/A","Haris manzor"
"CIR_INV_1669013719712","Nov 21, 2022","Nov 30, 2022","CARD/OPay","INITIALIZED","100.00 USD","N/A","Haris manzor"
"CIR_INV_1669011991448","Nov 21, 2022","Nov 30, 2022","All","PENDING","100.00 USD","CARD/PayMob","Haris manzor"
"CIR_INV_1666782981486","Oct 26, 2022","Oct 29, 2022","All","PENDING","540.00 USD","N/A","Haris Manzor"
"CIR_INV_1666684328899","Oct 25, 2022","Oct 30, 2022","All","PENDING","500.00 EGP","CARD/PayTabs","Haris manzor"
"CIR_INV_1666628913266","Oct 24, 2022","Nov 15, 2022","All","PENDING","1300.00 EGP","CARD/PayTabs","Haris Manzoor"
"CIR_INV_1666613085213","Oct 24, 2022","Oct 30, 2022","All","PENDING","400.00 EGP","CARD/PayMob","Haris manzor"
"CIR_INV_1666612478155","Oct 24, 2022","Oct 30, 2022","All","PAID","499.00 EGP","CARD/PayMob","Haris manzor"
"CIR_INV_1666186561821","Oct 19, 2022","Oct 30, 2022","All","PENDING","500.00 EGP","Bank Installment/Kashier","Haris Manzor"
"CIR_INV_1666186501033","Oct 19, 2022","Oct 30, 2022","All","PENDING","740.00 EGP","Wallet/Kashier","Haris Manzor"
"CIR_INV_1666184742869","Oct 19, 2022","Oct 30, 2022","All","PENDING","484.00 EGP","CARD/Kashier","Haris Manzor"
"CIR_INV_1666183274459","Oct 19, 2022","Oct 30, 2022","All","PENDING","502.00 EGP","Wallet/Kashier","Haris Manzor"
"CIR_INV_1666183273987","Oct 19, 2022","Oct 30, 2022","All","INITIALIZED","502.00 EGP","N/A","Haris Manzor"
"CIR_INV_1666181868168","Oct 19, 2022","Oct 30, 2022","All","PENDING","68.00 EGP","Bank Installment/Kashier","Haris Manzor"
"CIR_INV_1666180140799","Oct 19, 2022","Oct 30, 2022","All","PENDING","500.00 EGP","Wallet/Kashier","Haris Manzor"
"CIR_INV_1666178910463","Oct 19, 2022","Oct 30, 2022","N/A","PENDING","500.00 EGP","CARD/Kashier","Haris Manzor"
"CIR_INV_1666178770665","Oct 19, 2022","Oct 30, 2022","All","PENDING","500.00 EGP","CARD/Kashier","Haris Manzor"
"CIR_INV_1666176856895","Oct 19, 2022","Oct 31, 2022","All","PAID","740.00 EGP","CARD/Kashier","Haris Manzor"
"CIR_INV_1666176749005","Oct 19, 2022","Oct 30, 2022","CARD/Kashier","PENDING","600.00 EGP","CARD/Kashier","Haris Manzor"
"CIR_INV_1666176667234","Oct 19, 2022","Oct 30, 2022","CARD/Kashier","PENDING","480.00 EGP","CARD/Kashier","Haris Manzor"
"CIR_INV_1666176262568","Oct 19, 2022","Oct 30, 2022","All","PENDING","500.00 EGP","CARD/Kashier","Haris Manzor"
"CIR_INV_1666170002038","Oct 19, 2022","Oct 31, 2022","All","PAID","500.00 EGP","CARD/PayMob","Haris Manzor"
"CIR_INV_1666164884388","Oct 19, 2022","Oct 30, 2022","All","PAID","68.00 EGP","CARD/Geidea","Haris Manzor"
"CIR_INV_1666163302586","Oct 19, 2022","Oct 30, 2022","All","PAID","120.00 EGP","CARD/Geidea","Haris Manzor"
"CIR_INV_1666100828629","Oct 18, 2022","Oct 30, 2022","All","INITIALIZED","455.00 EGP","N/A","Haris Manzor"
"CIR_INV_1666100725875","Oct 18, 2022","Oct 30, 2022","N/A","PENDING","121.00 EGP","CARD/MyFatoorah","Haris Manzor"
"CIR_INV_1666100680350","Oct 18, 2022","Oct 31, 2022","All","PENDING","400.00 EGP","CARD/MyFatoorah","Amna Testing"
"CIR_INV_1666099987587","Oct 18, 2022","Oct 30, 2022","All","PENDING","197.68 EGP","CARD/PayMob","Amna Testing"
"CIR_INV_1666098009830","Oct 18, 2022","Oct 30, 2022","All","INITIALIZED","173.28 EGP","N/A","Amna Testing"
"CIR_INV_1666087973213","Oct 18, 2022","Oct 30, 2022","N/A","PENDING","500.00 EGP","CARD/OPay","Amna Testing"
"CIR_INV_1666087840198","Oct 18, 2022","Oct 30, 2022","All","INITIALIZED","500.00 EGP","N/A","Haris Manzor"
"CIR_INV_1666087840710","Oct 18, 2022","Oct 30, 2022","All","PENDING","500.00 EGP","CARD/Fawry","Haris Manzor"
"CIR_INV_1666080478305","Oct 18, 2022","Oct 30, 2022","All","PENDING","510.00 EGP","CARD/PayMob","Amna Testing"
"CIR_INV_1666075201630","Oct 18, 2022","Oct 30, 2022","All","PENDING","120.00 EGP","CARD/MyFatoorah","Amna Testing"
"CIR_INV_1665999004326","Oct 17, 2022","Oct 31, 2022","All","INITIALIZED","500.00 EGP","N/A","Haris Manzor"
"CIR_INV_1665998583010","Oct 17, 2022","Oct 18, 2022","All","PAID","145.31 EGP","CARD/PayMob","Haris Manzor"
"CIR_INV_1665754305779","Oct 14, 2022","Oct 30, 2022","All","PENDING","500.00 EGP","CARD/OPay","QA  14th Oct"
"CIR_INV_1665753030455","Oct 14, 2022","Oct 31, 2022","All","PENDING","410.00 EGP","CARD/OPay","QA  14th Oct"
"CIR_INV_1665751443151","Oct 14, 2022","Oct 31, 2022","All","PAID","510.00 EGP","CARD/Geidea","QA  14th Oct"
"CIR_INV_1665750461335","Oct 14, 2022","Oct 30, 2022","All","PENDING","260.00 EGP","CARD/MyFatoorah","QA  14th Oct"
"CIR_INV_1665749968046","Oct 14, 2022","Oct 31, 2022","All","PAID","510.00 EGP","CARD/Geidea","QA  14th Oct"
"CIR_INV_1665749822746","Oct 14, 2022","Oct 31, 2022","All","INITIALIZED","500.00 EGP","N/A","QA  14th Oct"
"CIR_INV_1665748178962","Oct 14, 2022","Oct 31, 2022","All","PENDING","430.00 EGP","Kiosk/PayMob","QA  14th Oct"
"CIR_INV_1665748015658","Oct 14, 2022","Oct 31, 2022","All","PENDING","400.00 EGP","FAWRY/Fawry","QA  14th Oct"
"CIR_INV_1665747926400","Oct 14, 2022","Oct 31, 2022","All","PENDING","11.00 EGP","COD/COD","QA  14th Oct"
"CIR_INV_1665747926403","Oct 14, 2022","Oct 31, 2022","All","INITIALIZED","11.00 EGP","N/A","QA  14th Oct"
"CIR_INV_1665747685598","Oct 14, 2022","Oct 31, 2022","All","PENDING","1010.00 EGP","FAWRY/Fawry","customer 92"
"CIR_INV_1665747477914","Oct 14, 2022","Oct 31, 2022","All","PENDING","1366.31 EGP","Kiosk/PayMob","harryonfire fireonharry"
"CIR_INV_1665747352301","Oct 14, 2022","Oct 31, 2022","All","INITIALIZED","12.11 EGP","N/A","Amna string"
"CIR_INV_1665747214650","Oct 14, 2022","Oct 31, 2022","All","INITIALIZED","54.00 EGP","N/A","Amna string"
"CIR_INV_1665746649821","Oct 14, 2022","Oct 31, 2022","All","INITIALIZED","54.00 EGP","N/A","Amna string"
"CIR_INV_1665563559225","Oct 12, 2022","Oct 31, 2022","All","PAID","170.84 EGP","CARD/PayMob","Amna Qa"
"CIR_INV_1665404237595","Oct 10, 2022","Oct 31, 2022","All","PAID","123.21 EGP","CARD/PayMob","Amna Qa"
"CIR_INV_1665401577479","Oct 10, 2022","Oct 31, 2022","All","PAID","110.00 EGP","CARD/PayMob","Amna Qa"
"CIR_INV_1665398764777","Oct 10, 2022","Oct 31, 2022","All","PAID","20.00 EGP","CARD/Geidea","Amna Qa"
"CIR_INV_1665397529748","Oct 10, 2022","Oct 31, 2022","All","PAID","20.10 EGP","CARD/PayMob","Amna Qa"
"CIR_INV_1665397135185","Oct 10, 2022","Oct 21, 2022","All","PAID","34.44 EGP","CARD/PayMob","test Name"
"CIR_INV_1665393938356","Oct 10, 2022","Oct 31, 2022","All","PAID","585.64 EGP","COD/COD","Haris Manzor"
"CIR_INV_1665390670727","Oct 10, 2022","Oct 13, 2022","COD/COD","PAID","4500.00 EGP","COD/COD","REtesting Regression"
"CIR_INV_1665389850044","Oct 10, 2022","Oct 29, 2022","CARD/PayMob","PAID","6250.00 EGP","CARD/PayMob","Haris Manzor"
"CIR_INV_1665389386700","Oct 10, 2022","Oct 15, 2022","All","PAID","135000.00 EGP","CARD/MyFatoorah","Haris Manzor"
"CIR_INV_1665038766953","Oct 6, 2022","Oct 31, 2022","All","PAID","173.28 EGP","CARD/Geidea","awais test"
"CIR_INV_1665035928717","Oct 6, 2022","Oct 15, 2022","All","PAID","903.00 EGP","CARD/PayMob","test Name"
"CIR_INV_1665033984186","Oct 6, 2022","Oct 8, 2022","All","PAID","1080.00 EGP","CARD/PayMob","test Name"
"CIR_INV_1664970439696","Oct 5, 2022","Oct 20, 2022","All","PENDING","804.00 EGP","CARD/PayMob","test Name"
"CIR_INV_1664968163772","Oct 5, 2022","Oct 31, 2022","All","PENDING","520.00 EGP","CARD/PayMob","REtesting Regression"
"CIR_INV_1664967926270","Oct 5, 2022","Oct 31, 2022","All","PENDING","666.00 EGP","CARD/Geidea","awais test"
"CIR_INV_1664967926810","Oct 5, 2022","Oct 30, 2022","All","PENDING","1080.00 EGP","CARD/Geidea","test Name"
"CIR_INV_1664967792332","Oct 5, 2022","Oct 31, 2022","Shahry/OPay","PENDING","523.60 EGP","Shahry/OPay","REtesting Regression"
"CIR_INV_1664967724501","Oct 5, 2022","Oct 31, 2022","All","PENDING","510.00 EGP","N/A","awais test"
"CIR_INV_1664967640531","Oct 5, 2022","Oct 31, 2022","All","PENDING","500.00 EGP","N/A","REtesting Regression"
"CIR_INV_1664966087909","Oct 5, 2022","Oct 31, 2022","N/A","PENDING","410.00 EGP","N/A","REtesting Regression"
"CIR_INV_1664966032727","Oct 5, 2022","Oct 31, 2022","All","PENDING","450.00 EGP","N/A","REtesting Regression"
"CIR_INV_1664964408479","Oct 5, 2022","Oct 31, 2022","All","PENDING","510.00 EGP","N/A","string string"
"CIR_INV_1664963993087","Oct 5, 2022","Oct 31, 2022","All","PENDING","612.48 EGP","N/A","awais test"
"CIR_INV_1664963773991","Oct 5, 2022","Oct 31, 2022","All","PENDING","612.48 EGP","N/A","REtesting Regression"
"CIR_INV_1664958400193","Oct 5, 2022","Oct 5, 2022","All","PENDING","612.48 EGP","N/A","REtesting Regression"
"CIR_INV_1664956235665","Oct 5, 2022","Oct 31, 2022","All","PENDING","411.71 EGP","N/A","awais test"
"CIR_INV_1664955821638","Oct 5, 2022","Oct 31, 2022","All","PENDING","1367.31 EGP","CARD/MyFatoorah","awais test"
"CIR_INV_1664955747368","Oct 5, 2022","Oct 31, 2022","All","PENDING","145.31 EGP","N/A","awais test"
"CIR_INV_1664955681176","Oct 5, 2022","Oct 31, 2022","CARD/MyFatoorah","PENDING","123.00 EGP","CARD/MyFatoorah","awais test"
"CIR_INV_1664953114537","Oct 5, 2022","Oct 30, 2022","All","PENDING","30.20 EGP","N/A","awais test"
"CIR_INV_1664889820425","Oct 4, 2022","Oct 31, 2022","N/A","PENDING","500.00 EGP","CARD/Geidea","awais test"
"CIR_INV_1664889680658","Oct 4, 2022","Oct 31, 2022","N/A","PENDING","194.72 EGP","CARD/Geidea","REtesting Regression"
"CIR_INV_1664889616375","Oct 4, 2022","Oct 31, 2022","All","PENDING","144.00 EGP","CARD/Geidea","REtesting Regression"
"CIR_INV_1664889355243","Oct 4, 2022","Oct 5, 2022","All","PENDING","145.31 EGP","N/A","REtesting Regression"
"CIR_INV_1664884032582","Oct 4, 2022","Oct 31, 2022","All","PAID","120.00 EGP","CARD/Geidea","REtesting Regression"
"CIR_INV_1664875741472","Oct 4, 2022","Oct 31, 2022","All","PENDING","120.00 EGP","COD/COD","REtesting Regression"
"CIR_INV_1664803063955","Oct 3, 2022","Oct 31, 2022","All","PAID","460.00 EGP","CARD/Geidea","test Name"
"CIR_INV_1664798910767","Oct 3, 2022","Oct 31, 2022","All","PAID","120.00 EGP","CARD/Geidea","test Name"
"CIR_INV_1664526127768","Sep 30, 2022","Oct 2, 2022","All","PAID","173.28 EGP","Wallet/PayMob","test Name"
"CIR_INV_1664524681334","Sep 30, 2022","Oct 6, 2022","All","PAID","173.28 EGP","CARD/PayMob","test Name"
"CIR_INV_1664439668533","Sep 29, 2022","Sep 30, 2022","N/A","PAID","48840.00 EGP","CARD/Geidea","21st sep 2021 QA Test on coupon"
"CIR_INV_1664439482810","Sep 29, 2022","Sep 30, 2022","All","PAID","400.00 EGP","CARD/Geidea","test Name"
"CIR_INV_1664437197068","Sep 29, 2022","Sep 30, 2022","All","PAID","500.00 EGP","CARD/Geidea","test Name"
"CIR_INV_1664435042307","Sep 29, 2022","Sep 30, 2022","All","FAILED","500.00 EGP","CARD/MyFatoorah","test Name"
"CIR_INV_1664432634833","Sep 29, 2022","Sep 30, 2022","All","PAID","500.00 EGP","CARD/PayTabs","test Name"
"CIR_INV_1664430180029","Sep 29, 2022","Sep 30, 2022","All","PAID","100.00 EGP","CARD/Geidea","test Name"
"CIR_INV_1664276388988","Sep 27, 2022","Sep 30, 2022","All","PENDING","460.00 EGP","N/A","test Name"
"CIR_INV_1664275083171","Sep 27, 2022","Sep 30, 2022","All","PENDING","100.00 EGP","CARD/MyFatoorah","test Name"
"CIR_INV_1664269757614","Sep 27, 2022","Sep 30, 2022","All","PENDING","500.00 EGP","N/A","test Name"
"CIR_INV_1664259526732","Sep 27, 2022","Sep 30, 2022","All","PENDING","197.72 EGP","CARD/PayTabs","amna test "
"CIR_INV_1664184153124","Sep 26, 2022","Sep 30, 2022","All","PENDING","140.00 EGP","N/A","test Name"
"CIR_INV_1661839211875","Aug 30, 2022","Aug 30, 2022","All","PENDING","19.40 EGP","N/A","26th  aug"
"CIR_INV_1661837672049","Aug 30, 2022","Aug 31, 2022","All","PAID","180.00 EGP","CARD/Geidea","26th  aug"
"CIR_INV_1661766491904","Aug 29, 2022","Aug 31, 2022","All","PENDING","400.00 EGP","N/A","26th  aug"
"CIR_INV_1661755908918","Aug 29, 2022","Aug 31, 2022","All","PAID","100.00 EGP","CARD/Geidea","26th  aug"
"CIR_INV_1661512917227","Aug 26, 2022","Aug 31, 2022","All","PAID","50.00 EGP","CARD/Geidea","dfsdf dsfdsfds"
"CIR_INV_1661512000565","Aug 26, 2022","Aug 31, 2022","All","PAID","77.00 EGP","CARD/Geidea","dfsdf dsfdsfds"
"CIR_INV_1661511961955","Aug 26, 2022","Aug 31, 2022","All","PAID","250.00 EGP","CARD/MyFatoorah","26th  aug"
"CIR_INV_1661511595903","Aug 26, 2022","Aug 31, 2022","All","PAID","66.00 EGP","CARD/Geidea","dfsdf dsfdsfds"
"CIR_INV_1661509783379","Aug 26, 2022","Aug 31, 2022","All","PAID","22.00 EGP","CARD/PayTabs","dfsdf dsfdsfds"
"CIR_INV_1661343787697","Aug 24, 2022","Aug 31, 2022","All","PAID","5.00 EGP","CARD/Geidea","test tes"
"CIR_INV_1661323377792","Aug 24, 2022","Aug 31, 2022","All","PAID","400.00 EGP","CARD/Geidea","24th  customer"
"CIR_INV_1661323302941","Aug 24, 2022","Aug 31, 2022","CARD/Geidea","PAID","100.00 EGP","CARD/Geidea","24th  customer"
"CIR_INV_1661323194771","Aug 24, 2022","Aug 31, 2022","All","PAID","1210.00 EGP","CARD/Geidea","24th  customer"
"CIR_INV_1661252541739","Aug 23, 2022","Aug 30, 2022","N/A","PAID","400.00 EGP","COD/COD","test tes"
"CIR_INV_1661252128458","Aug 23, 2022","Aug 30, 2022","N/A","PAID","50.00 EGP","CARD/Geidea","send to email email test"
"CIR_INV_1661239411172","Aug 23, 2022","Aug 27, 2022","CARD/PayMob","PAID","225.00 EGP","CARD/PayMob","dfsdf dsfdsfds"
"CIR_INV_1661238509717","Aug 23, 2022","Aug 27, 2022","CARD/PayMob","PAID","13.00 EGP","CARD/PayMob","dfsdf dsfdsfds"
"CIR_INV_1661238093598","Aug 23, 2022","Aug 31, 2022","CARD/Geidea","PAID","20.00 EGP","CARD/Geidea","string string"
"CIR_INV_1661237666373","Aug 23, 2022","Aug 27, 2022","CARD/PayMob","PAID","30.00 EGP","CARD/PayMob","dfsdf dsfdsfds"
"CIR_INV_1661237257893","Aug 23, 2022","Aug 27, 2022","CARD/Geidea","PAID","200.00 EGP","CARD/Geidea","dfsdf dsfdsfds"
"CIR_INV_1661230681553","Aug 23, 2022","Aug 31, 2022","/","PAID","91.00 EGP","CARD/Geidea","dfsdf dsfdsfds"
"CIR_INV_1661149033889","Aug 22, 2022","Aug 31, 2022","undefined//","PAID","400.00 EGP","CARD/Geidea","Rabab diab"
"CIR_INV_1660901589240","Aug 19, 2022","Aug 31, 2022","/////","PAID","496.00 EGP","CARD/Geidea","dfsdf dsfdsfds"
"CIR_INV_1660888487972","Aug 19, 2022","Aug 31, 2022","undefined///","PAID","66.00 EGP","CARD/Geidea","dfsdf dsfdsfds"
"CIR_INV_1660887878732","Aug 19, 2022","Aug 31, 2022","/","PAID","102.00 EGP","CARD/Geidea","Demo Demo"
"CIR_INV_1660813073795","Aug 18, 2022","Aug 27, 2022","undefined////","PAID","1800.00 EGP","CARD/Geidea","Lorem ipsum dolor sit amet, consectetuer adipiscing elit. Aenean commodo ligula eget dolor. Aenean m zzzz"
"CIR_INV_1660635819744","Aug 16, 2022","Aug 27, 2022","undefined/","PAID","144.00 EGP","CARD/PayMob","Amna Qa"
"CIR_INV_1660544131397","Aug 15, 2022","Aug 27, 2022","/","PAID","2640.00 EGP","CARD/PayTabs","12aug test"
"CIR_INV_1660217868403","Aug 11, 2022","Aug 27, 2022","undefined/","PAID","184.40 EGP","CARD/PayMob","test amna.shahid"
"CIR_INV_1659692610741","Aug 5, 2022","Aug 27, 2022","undefined/","FAILED","12321.00 EGP","CARD/Geidea","test tes"
"CIR_INV_1659692227782","Aug 5, 2022","Aug 27, 2022","undefined/","PAID","2453.00 EGP","CARD/Geidea","test  test "
"CIR_INV_1659690781033","Aug 5, 2022","Aug 27, 2022","Wallet/OPay","PAID","24642.00 EGP","Wallet/OPay","test  test "
"CIR_INV_1659690475472","Aug 5, 2022","Aug 27, 2022","/","PAID","124432.00 EGP","Wallet/OPay","test  test "
"CIR_INV_1659687348931","Aug 5, 2022","Aug 27, 2022","undefined/","PAID","1332.00 EGP","Wallet/OPay","test  test "
"CIR_INV_1659686920404","Aug 5, 2022","Aug 27, 2022","CARD/OPay","PAID","121.00 EGP","CARD/OPay","test  test "
"CIR_INV_1659686802922","Aug 5, 2022","Aug 27, 2022","undefined/","PAID","132.00 EGP","CARD/OPay","Amna Qa"
"CIR_INV_1659683730754","Aug 5, 2022","Aug 12, 2022","undefined//","PAID","580.00 EGP","CARD/OPay","Twenty Eight"
"CIR_INV_1659683263765","Aug 5, 2022","Aug 19, 2022","undefined//","PAID","400.00 EGP","CARD/OPay","TEST  TEST "
"CIR_INV_1659682792012","Aug 5, 2022","Aug 27, 2022","undefined/","PAID","240.00 EGP","CARD/PayTabs","test amna.shahid"
"CIR_INV_1659682600712","Aug 5, 2022","Aug 27, 2022","undefined/","PAID","580.00 EGP","CARD/OPay","TEST  TEST "
"CIR_INV_1659682291586","Aug 5, 2022","Aug 27, 2022","undefined/","PAID","500.00 EGP","CARD/OPay","TEST  TEST "
"CIR_INV_1659426245763","Aug 2, 2022","Aug 27, 2022","undefined/","PAID","50.00 EGP","CARD/OPay","TEST  TEST "
"CIR_INV_1659087130960","Jul 29, 2022","Aug 27, 2022","undefined//","PAID","415.92 EGP","CARD/PayTabs","Amna Qa"
"CIR_INV_1659072862668","Jul 29, 2022","Aug 31, 2022","undefined//","PAID","25110.00 EGP","CARD/OPay","TEST  TEST "
"CIR_INV_1659007251172","Jul 28, 2022","Jul 30, 2022","/","PAID","252.00 EGP","CARD/OPay","Amna Qa"
"CIR_INV_1659005227073","Jul 28, 2022","Jul 30, 2022","undefined/","PAID","200.00 EGP","CARD/PayTabs","TEST  TEST "
"CIR_INV_1659004345300","Jul 28, 2022","Jul 30, 2022","undefined/","PAID","240.00 EGP","CARD/OPay","Amna Qa"
"CIR_INV_1658823170597","Jul 26, 2022","Jul 30, 2022","undefined/","PAID","440.00 EGP","CARD/OPay","Amna Qa"
"CIR_INV_1658404178601","Jul 21, 2022","Jul 30, 2022","undefined//","FAILED","144.00 EGP","Wallet/PayMob","string string"
"CIR_INV_1658384284156","Jul 21, 2022","Jul 30, 2022","undefined/","PAID","600.00 EGP","CARD/MyFatoorah","Amna Qa"
"CIR_INV_1658324527069","Jul 20, 2022","Jul 30, 2022","undefined/","FAILED","600.00 EGP","CARD/OPay","a s"
"CIR_INV_1658295484673","Jul 20, 2022","Jul 30, 2022","undefined/","PAID","860.00 EGP","CARD/MyFatoorah",""
"CIR_INV_1658215873991","Jul 19, 2022","Jul 30, 2022","undefined/","FAILED","70.00 EGP","CARD/Geidea",""
"CIR_INV_1658214863305","Jul 19, 2022","Jul 29, 2022","CARD/Geidea","PAID","6.00 EGP","CARD/Geidea","Amna Qa"
"CIR_INV_1658214767374","Jul 19, 2022","Jul 30, 2022","undefined/","PAID","6.00 EGP","CARD/Geidea",""
"CIR_INV_1658214548116","Jul 19, 2022","Jul 30, 2022","undefined/","FAILED","63.00 EGP","CARD/Geidea",""
"CIR_INV_1658214391292","Jul 19, 2022","Jul 30, 2022","CARD/Geidea","FAILED","6.00 EGP","CARD/Geidea",""
"CIR_INV_1658214179888","Jul 19, 2022","Jul 30, 2022","undefined/","PAID","60.00 EGP","CARD/Geidea","test test"
"CIR_INV_1658213973637","Jul 19, 2022","Jul 30, 2022","CARD/Geidea","FAILED","56.00 EGP","CARD/Geidea","Amna Qa"
"CIR_INV_1658213869800","Jul 19, 2022","Jul 30, 2022","undefined/","PAID","120.00 EGP","CARD/Geidea",""
"CIR_INV_1658213541043","Jul 19, 2022","Jul 30, 2022","undefined/","PAID","18.00 EGP","CARD/Geidea",""
"CIR_INV_1658210999920","Jul 19, 2022","Jul 30, 2022","/","FAILED","460.00 EGP","CARD/PayMob","a s"
"CIR_INV_1658210773493","Jul 19, 2022","Jul 29, 2022","CARD/PayMob","PAID","6.00 EGP","CARD/PayMob","test test"
"CIR_INV_1658210691239","Jul 19, 2022","Jul 23, 2022","undefined/","PAID","10.00 EGP","CARD/PayMob","test test"
"CIR_INV_1658210551145","Jul 19, 2022","Jul 23, 2022","CARD/PayMob","PAID","8.00 EGP","CARD/PayMob","Amna Qa"
"CIR_INV_1658210473600","Jul 19, 2022","Jul 23, 2022","CARD/PayMob","PAID","6.00 EGP","CARD/PayMob","test test"
"CIR_INV_1658209557801","Jul 19, 2022","Jul 23, 2022","/","PAID","6.00 EGP","CARD/PayMob",""
"CIR_INV_1658209458216","Jul 19, 2022","Jul 23, 2022","undefined/","FAILED","5.00 EGP","CARD/MyFatoorah","Amna Qa"
"CIR_INV_1658208661242","Jul 19, 2022","Jul 29, 2022","CARD/MyFatoorah","PAID","150.00 EGP","CARD/MyFatoorah","string string"
"CIR_INV_1658135328954","Jul 18, 2022","Jul 22, 2022","undefined/","PAID","1210.00 EGP","CARD/MyFatoorah","string string"
"CIR_INV_1657881461989","Jul 15, 2022","Jul 25, 2022","undefined/","PAID","1650.00 EGP","CARD/MyFatoorah",""
"CIR_INV_1657881400870","Jul 15, 2022","Jul 26, 2022","undefined/","PAID","150.00 EGP","COD/MyFatoorah",""
"CIR_INV_1657789558700","Jul 14, 2022","Jul 28, 2022","undefined/","PAID","80.00 EGP","CARD/MyFatoorah","Amna Qa"
"CIR_INV_1657787963805","Jul 14, 2022","Jul 17, 2022","undefined/","FAILED","460.00 EGP","Wallet/PayMob","Amna Qa"
"CIR_INV_1657787113288","Jul 14, 2022","Jul 16, 2022","undefined/","FAILED","600.00 EGP","Wallet/MyFatoorah","Amna Qa"
"CIR_INV_1657786980011","Jul 14, 2022","Jul 16, 2022","undefined/","FAILED","440.00 EGP","CARD/OPay","Amna Qa"
"CIR_INV_1657785829186","Jul 14, 2022","Jul 28, 2022","undefined/","FAILED","63.00 EGP","FAWRY/Fawry","Amna Qa"
"CIR_INV_1657783151091","Jul 14, 2022","Jul 23, 2022","undefined/","PAID","46.00 EGP","CARD/OPay","Amna Qa"
"CIR_INV_1657781964596","Jul 14, 2022","Jul 23, 2022","undefined/","PAID","100.00 EGP","Wallet/OPay","Amna Qa"
"CIR_INV_1657712838149","Jul 13, 2022","Jul 15, 2022","undefined/","FAILED","1250.00 EGP","Wallet/OPay","Amna Qa"
"CIR_INV_1657711872929","Jul 13, 2022","Jul 22, 2022","undefined/","PAID","420.00 EGP","CARD/Geidea","Amna Qa"
"CIR_INV_1657710247953","Jul 13, 2022","Jul 15, 2022","undefined/","PAID","35.00 EGP","Wallet/OPay","Amna Qa"
"CIR_INV_1657703565852","Jul 13, 2022","Jul 16, 2022","Reference Code/OPay","FAILED","40.00 EGP","Reference Code/OPay","Amna Qa"
"CIR_INV_1657701956457","Jul 13, 2022","Jul 17, 2022","undefined/","FAILED","600.00 EGP","Reference Code/OPay","Amna Qa"
"CIR_INV_1657701071406","Jul 13, 2022","Jul 27, 2022","undefined/","FAILED","80.00 EGP","Reference Code/OPay","Amna Qa"
"CIR_INV_1657699529087","Jul 13, 2022","Jul 16, 2022","CARD/MyFatoorah","PAID","60.00 EGP","CARD/MyFatoorah","Amna Qa"
"CIR_INV_1657698970626","Jul 13, 2022","Jul 17, 2022","undefined/","FAILED","100.00 EGP","CARD/OPay","Amna Qa"
"CIR_INV_1657695836888","Jul 13, 2022","Jul 14, 2022","undefined/","PAID","200.00 EGP","CARD/MyFatoorah","Amna Qa"
"CIR_INV_1657191307408","Jul 7, 2022","Jul 10, 2022","undefined/","PAID","1000.00 EGP","CARD/OPay","Amna Qa"
"CIR_INV_1657189914767","Jul 7, 2022","Jul 10, 2022","undefined/","PAID","300.00 EGP","CARD/OPay","Amna Qa"
"CIR_INV_1657188911589","Jul 7, 2022","Jul 15, 2022","undefined/","PAID","1055.00 EGP","CARD/PayTabs","Amna Qa"
"CIR_INV_1657188469912","Jul 7, 2022","Jul 10, 2022","undefined/","PAID","400.00 EGP","CARD/PayTabs","Amna Qa"
"CIR_INV_1657186121282","Jul 7, 2022","Jul 8, 2022","undefined/","PAID","100.00 EGP","Wallet/PayMob","Amna Qa"
"CIR_INV_1657185995090","Jul 7, 2022","Jul 10, 2022","undefined/","PAID","140.00 EGP","Wallet/PayMob","Amna Qa"
"CIR_INV_1657185412972","Jul 7, 2022","Jul 10, 2022","undefined/","PAID","40.00 EGP","Wallet/PayMob","Amna Qa"
"CIR_INV_1657182290959","Jul 7, 2022","Jul 10, 2022","undefined/","PAID","100.00 EGP","Wallet/PayMob","Amna Qa"
"CIR_INV_1657177777145","Jul 7, 2022","Jul 21, 2022","undefined/","FAILED","50.00 EGP","MWALLET/Fawry","Amna Qa"
"CIR_INV_1657177031038","Jul 7, 2022","Jul 8, 2022","undefined/","PAID","100.00 EGP","CARD/PayTabs","Amna Qa"
"CIR_INV_1657175199762","Jul 7, 2022","Jul 8, 2022","undefined/","FAILED","100.00 EGP","CARD/OPay",""
"CIR_INV_1657089388048","Jul 6, 2022","Jul 7, 2022","//","EXPIRED","20.00 EGP","FAWRY/Fawry",""
"CIR_INV_1656931499420","Jul 4, 2022","Jul 7, 2022","CARD/MyFatoorah","PAID","27.05 EGP","CARD/MyFatoorah",""
